<?xml version="1.0" encoding="UTF-8"?>
<root>
  <item name="com.xw.repo.BubbleSeekBar mSectionTextPosition">
    <annotation name="android.support.annotation.IntDef">
      <val name="value" val="{com.xw.repo.BubbleSeekBar.NONE, com.xw.repo.BubbleSeekBar.TextPosition.SIDES, com.xw.repo.BubbleSeekBar.TextPosition.BOTTOM_SIDES, com.xw.repo.BubbleSeekBar.TextPosition.BELOW_SECTION_MARK}" />
    </annotation>
  </item>
  <item name="com.xw.repo.BubbleSeekBar.TextPosition">
    <annotation name="android.support.annotation.IntDef">
      <val name="value" val="{com.xw.repo.BubbleSeekBar.NONE, com.xw.repo.BubbleSeekBar.TextPosition.SIDES, com.xw.repo.BubbleSeekBar.TextPosition.BOTTOM_SIDES, com.xw.repo.BubbleSeekBar.TextPosition.BELOW_SECTION_MARK}" />
    </annotation>
  </item>
</root>

